Institute Id,Institute Name,City,State,TLR_21,RPC_21,GO_21,OI_21,Perception_21,Score_21,Rank_21
IR-E-U-0456,Indian Institute of Technology Madras,Chennai,Tamil Nadu,95.47,96.43,81.92,62.44,100,90.19,1
IR-E-I-1074,Indian Institute of Technology Delhi,New Delhi,Delhi,91.76,95.82,80.97,66.39,98.63,88.96,2
IR-E-U-0306,Indian Institute of Technology Bombay,Mumbai,Maharashtra,89.32,92.56,79.71,53.68,92.88,85.16,3
IR-E-I-1075,Indian Institute of Technology Kanpur,Kanpur,Uttar Pradesh,86.71,83.13,89.79,55.96,87.05,83.22,4
IR-E-U-0573,Indian Institute of Technology Kharagpur,Kharagpur,West Bengal,80.51,88.59,83.01,58.46,88.5,82.03,5
IR-E-U-0560,Indian Institute of Technology Roorkee,Roorkee,Uttarakhand,79.28,78.13,90.74,63.36,63.59,78.08,6
IR-E-U-0053,Indian Institute of Technology Guwahati,Guwahati,Assam,79.25,70.32,84.63,59.83,60.58,73.84,7
IR-E-U-0013,Indian Institute of Technology Hyderabad,Hyderabad,Telangana,82.6,56.9,72.54,56.58,66.7,68.69,8
IR-E-U-0467,National Institute of Technology Tiruchirappalli,Tiruchirappalli,Tamil Nadu,70,54.63,78.13,61.35,69.32,66.08,9
IR-E-U-0237,National Institute of Technology Karnataka,Surathkal,Karnataka,73.15,50.17,78.62,64.54,50.18,64.19,10
IR-E-U-0205,Indian Institute of Technology (Indian School of Mines),Dhanbad,Jharkhand,69.29,65.53,73.12,54.62,35.36,64.07,11
IR-E-U-0490,Vellore Institute of Technology,Vellore,Tamil Nadu,61.41,69.7,67.01,59.84,49.73,63.68,12
IR-E-U-0273,Indian Institute of Technology Indore,Indore,Madhya Pradesh,76.22,55.89,71.57,55.76,30.29,62.56,13
IR-E-U-0701,Indian Institute of Technology (Banaras Hindu University) Varanasi,Varanasi,Uttar Pradesh,67.4,51.62,79.07,55.8,49.96,62.1,14
IR-E-U-0308,Institute of Chemical Technology,Mumbai,Maharashtra,75.45,54.62,72.56,45.67,21.98,60.31,15
IR-E-U-0436,Amrita Vishwa Vidyapeetham,Coimbatore,Tamil Nadu,69.63,59.01,59.56,56.68,35.04,59.67,16
IR-E-U-0575,Jadavpur University,Kolkata,West Bengal,54.82,60.61,76.88,43,48.82,59.19,17
IR-E-U-0439,Anna University,Chennai,Tamil Nadu,66.29,50.06,58.6,50.87,65.95,58.31,18
IR-E-U-0378,Indian Institute of Technology Ropar,Rupnagar,Punjab,81.35,34.08,69.1,62.78,33.74,58.09,19
IR-E-U-0357,National Institute of Technology Rourkela,Rourkela,Odisha,62.21,56.58,72.53,50.72,28.08,58.02,20
IR-E-U-0064,Indian Institute of Technology Patna,Patna,Bihar,76.49,44.92,63.77,53.22,28.83,57.38,21
IR-E-U-0139,Indian Institute of Technology Gandhinagar,Gandhinagar,Gujarat,82.1,35.05,57.31,62.64,39.87,56.86,22
IR-E-U-0025,National Institute of Technology Warangal,Warangal,Telangana,67.88,39.6,74.47,55.52,40.72,56.76,23
IR-E-I-1480,Thapar Institute of Engineering and Technology,Patiala,Punjab,64.89,51.54,68.52,56.05,25.35,56.76,23
IR-E-U-0263,National Institute of Technology Calicut,Kozhikode,Kerala,68,34.63,77.94,63.52,37.53,56.48,25
IR-E-U-0391,Birla Institute of Technology & Science -Pilani,Pilani,Rajasthan,62.96,39.96,79.57,55.73,39.87,56.35,26
IR-E-U-0584,Indian Institute of Engineering Science and Technology,Shibpur,West Bengal,66.13,47.54,64.47,49.7,42.36,56.2,27
IR-E-U-0355,Indian Institute of Technology Bhubaneswar,Bhubaneswar,Odisha,75.09,37.81,66.44,55.62,29.93,55.71,28
IR-E-U-0577,National Institute of Technology Durgapur,Durgapur,West Bengal,69.23,42.64,68.37,56.43,26.15,55.48,29
IR-E-U-0334,Visvesvaraya National Institute of Technology,Nagpur,Maharashtra,66.19,46.05,70.66,53.53,17.84,54.94,30
IR-E-U-0497,Amity University,Gautam Budh Nagar,Uttar Pradesh,68.46,57.24,52.38,56.94,9.87,54.87,31
IR-E-U-0363,Siksha `O` Anusandhan,Bhubaneswar,Odisha,75.76,34.28,70.16,65.14,12.15,54.77,32
IR-E-U-0108,Jamia Millia Islamia,New Delhi,Delhi,60.27,50,72.96,54.71,13.24,54.46,33
IR-E-U-0473,S.R.M. Institute of Science and Technology,Chennai,Tamil Nadu,60.31,50.91,67.01,60.9,13.24,54.17,34
IR-E-U-0496,Aligarh Muslim University,Aligarh,Uttar Pradesh,71.79,50.09,56.66,40.38,20.65,54,35
IR-E-U-0098,Delhi Technological University,New Delhi,Delhi,66.23,31.79,73.63,58.61,39.59,53.96,36
IR-E-U-0410,Malaviya National Institute of Technology,Jaipur,Rajasthan,70.69,43.21,62.04,57.79,15.86,53.95,37
IR-E-U-0476,Shanmugha Arts Science Technology & Research Academy,Thanjavur,Tamil Nadu,71.47,37.62,67.55,57.06,12.7,53.22,38
IR-E-U-0356,Kalinga Institute of Industrial Technology,Bhubaneswar,Odisha,69.99,29.98,70.72,76.68,13.24,53.12,39
IR-E-U-0255,Indian Institute of Space Science and Technology,Thiruvananthapuram,Kerala,77.49,23.18,61.09,65.27,39.01,52.85,40
IR-E-U-0184,Indian Institute of Technology Mandi,Mandi,Himachal Pradesh,65.95,35.39,69.05,61.66,21.98,52.58,41
IR-E-U-0530,Motilal Nehru National Institute of Technology,Prayagraj,Uttar Pradesh,64.23,34.07,73.63,54.84,21.98,51.9,42
IR-E-U-0395,Indian Institute of Technology Jodhpur,Jodhpur,Rajasthan,76.38,28.07,62.59,63.34,13.78,51.56,43
IR-E-U-0172,National Institute of Technology Kurukshetra,Kurukshetra,Haryana,62.2,40.64,62.01,53.66,19.73,50.59,44
IR-E-C-16604,Sri Sivasubramaniya Nadar College of Engineering,Kancheepuram,Tamil Nadu,66.95,34.56,61.71,53.48,20.65,50.2,45
IR-E-U-0202,Birla Institute of Technology,Ranchi,Jharkhand,68.2,34.19,58.24,50.41,26.54,50.06,46
IR-E-U-0149,Sardar Vallabhbhai National Institute of Technology,Surat,Gujarat,64.14,34.39,65.08,56.74,17.35,49.99,47
IR-E-U-0055,National Institute of Technology Silchar,Silchar,Assam,63.11,40.36,61.95,52.73,8.68,49.57,48
IR-E-U-0374,Dr. B. R. Ambedkar National Institute of Technology,Jalandhar,Punjab,67.97,27.72,60.78,63.12,18.32,49.01,49
IR-E-U-0020,Koneru Lakshmaiah Education Foundation University (K L College of Engineering),Vaddeswaram,Andhra Pradesh,71.09,38.38,48.62,55.06,4.23,48.49,50
IR-E-C-7252,Manipal Institute of Technology,Manipal,Karnataka,70.14,28.99,50.15,62.03,21.98,48.17,51
IR-E-C-41593,"College of Engineering, Pune",Pune,Maharashtra,64.83,22.39,67.83,54.17,29.57,48.12,52
IR-E-C-37013,PSG College of Technology,Coimbatore,Tamil Nadu,68.57,23.58,48.35,48.89,57.14,47.91,53
IR-E-U-0014,International Institute of Information Technology Hyderabad,Hyderabad,Telangana,50.76,33.07,71.08,51.44,26.15,47.12,54
IR-E-U-0474,Sathyabama Institute of Science and Technology,Chennai,Tamil Nadu,59.83,41.05,45.39,63.17,9.87,46.65,55
IR-E-U-0458,Kalasalingam Academy of Research and Higher Education,Srivilliputtur,Tamil Nadu,64.24,24.41,60.42,65.23,13.78,46.57,56
IR-E-U-0249,Visvesvaraya Technological University,Belgaum,Karnataka,70.27,31.03,47.84,49.93,6.83,45.63,57
IR-E-U-0297,Defence Institute of Advanced Technology,Pune,Maharashtra,67.03,33.73,52.16,45.71,2.87,45.52,58
IR-E-U-0619,National Institute of Technology Meghalaya,Shillong,Meghalaya,67.63,24.12,55.3,64.22,3.56,45.37,59
IR-E-U-0284,Maulana Azad National Institute of Technology,Bhopal,Madhya Pradesh,55.71,28.88,63.97,58.59,9.87,45.02,60
IR-E-U-0747,Chandigarh University,Mohali,Punjab,68.9,17.05,46.81,76.33,22.42,45.01,61
IR-E-U-0017,Jawaharlal Nehru Technological University,Hyderabad,Telangana,72.29,27.99,41.03,53.8,12.7,44.95,62
IR-E-U-0105,"Indraprastha Institute of Information Technology, Delhi",New Delhi,Delhi,54.79,31.79,68.04,39.39,13.24,44.85,63
IR-E-U-0092,National Institute of Technology Raipur,Raipur,Chhattisgarh,60.57,28.98,59.26,58.32,2.87,44.83,64
IR-E-C-1331,M. S. Ramaiah Institute of Technology,Bengaluru,Karnataka,66.25,16.84,60.05,53.7,14.31,43.74,65
IR-E-U-0379,Lovely Professional University,Phagwara,Punjab,62.69,25.97,45.82,64.46,14.83,43.69,66
IR-E-U-0389,Banasthali Vidyapith,Banasthali,Rajasthan,59.29,14.29,67.27,74.92,6.19,43.64,67
IR-E-U-0147,Pandit Deendayal Petroleum University,Gandhinagar,Gujarat,70.06,23.25,53.33,42.09,2.87,43.17,68
IR-E-U-0197,National Institute of Technology Srinagar,Srinagar,Jammu and Kashmir,65.87,14.29,57.85,63.89,6.19,42.63,69
IR-E-U-0080,"Punjab Engineering College (Deemed to be University), Chandigarh",Chandigarh,Chandigarh,55.98,15.24,65.57,55.41,26.15,42.62,70
IR-E-C-26794,Thiagarajar College of Engineering,Madurai,Tamil Nadu,56.11,18.65,60.91,50.99,28.83,42.58,71
IR-E-U-0072,National Institute of Technology Patna,Patna,Bihar,54.45,24.3,61.87,50.77,9.87,42.06,72
IR-E-U-0795,Indian Institute of Information Technology Guwahati,Guwahati,Assam,64.87,9.13,56.91,53.01,31.01,41.98,73
IR-E-C-24004,College of Engineering (A),Visakhapatnam,Andhra Pradesh,64.45,9.77,69.23,53.92,4.23,41.92,74
IR-E-U-0555,Graphic Era University,Dehradun,Uttarakhand,64.78,13.64,49.07,60.45,24.53,41.83,75
IR-E-U-0221,International Institute of Information Technology Bangalore,Bengaluru,Karnataka,58.9,10.89,63.64,60.93,18.8,41.64,76
IR-E-C-1269,R.V. College of Engineering,Bengaluru,Karnataka,63.87,14.45,57.01,50.3,15.86,41.52,77
IR-E-C-36995,Sri Krishna College of Engineering and Technology,Coimbatore,Tamil Nadu,62.23,10.86,63.26,49.71,17.35,41.29,78
IR-E-U-0201,Shri Mata Vaishno Devi University,Katra,Jammu and Kashmir,69.07,20.55,47.85,45.49,2.17,41.22,79
IR-E-U-0286,"Pandit Dwarka Prasad Mishra Indian Institute of Information Technology, Design and Manufacturing (IIITDM) Jabalpur",Jabalpur,Madhya Pradesh,46.17,29.61,61.76,54.06,6.83,41.17,80
IR-E-C-45375,Indian Institute of Food Processing Technology (IIFPT),Thanjavur,Tamil Nadu,71.85,7.98,52.14,57.56,9.87,41.13,81
IR-E-C-33641,"Veermata Jijabai Technological Institute,  (VJTI, Mumbai)",Mumbai,Maharashtra,60.34,11.62,66.02,53.6,9.28,41.07,82
IR-E-U-0733,PES University,Bengaluru,Karnataka,62.28,13.35,60.53,49.36,13.24,41.06,83
IR-E-U-0749,Manipal University Jaipur,Jaipur,Rajasthan,65.35,16.65,50.79,58.72,0,40.63,84
IR-E-U-0620,National Institute of Technology Goa,Ponda,Goa,56.69,21.42,53.53,57.08,7.45,40.6,85
IR-E-U-0207,"National Institute of Technology, Jamshedpur",Jamshedpur,Jharkhand,56.45,15.62,67.65,45.74,8.07,40.53,86
IR-E-U-0516,Indian Institute of Information Technology Allahabad,Prayagraj (Allahabad),Uttar Pradesh,46.57,15.7,72.28,51.74,19.73,40.28,87
IR-E-C-6379,Netaji Subhas University of Technology (NSUT),South West,Delhi,47.14,22.25,65.82,44.23,18.32,40.22,88
IR-E-U-0078,Panjab University,Chandigarh,Chandigarh,39.71,42.62,48.4,43.12,14.83,40.16,89
IR-E-C-36926,Kumaraguru College of Technology,Coimbatore,Tamil Nadu,61.76,15.76,52.48,45.71,15.86,39.92,90
IR-E-U-0564,University of Petroleum and Energy Studies,Dehradun,Uttarakhand,57.92,20.29,51.01,57.05,4.9,39.87,91
IR-E-U-0493,National Institute of Technology Agartala,Agratala,Tripura,56.96,21.82,48.87,57.71,6.83,39.86,92
IR-E-U-0489,Vel Tech Rangarajan Dr. Sagunthala R & D Institute of Science and Technology,Chennai,Tamil Nadu,55.8,28.48,38.53,63.61,4.9,39.84,93
IR-E-U-0522,Jaypee Institute of Information Technology,Noida,Uttar Pradesh,53.07,23.11,56.79,49.3,6.83,39.82,94
IR-E-C-43708,College of Engineering Trivandrum,Thiruvananthapuram,Kerala,63.85,10.25,53.4,50.16,14.83,39.4,95
IR-E-C-35417,Bharati Vidyapeeth Deemed University College of Engineering,Pune,Maharashtra,60.35,3.01,62.73,71.58,6.83,39.39,96
IR-E-U-0163,The Northcap University,Gurugram,Haryana,60.36,12.71,56.83,51.32,8.07,39.23,97
IR-E-C-1262,B.M.S. College of Engineering,Bengaluru,Karnataka,59.62,12.33,54.1,51.93,15.35,39.13,98
IR-E-U-0189,National Institute of Technology Hamirpur,Hamirpur,Himachal Pradesh,50.19,21.92,58.2,46.54,11.59,39.09,99
IR-E-C-30045,"C.V. Raman Global University, Odisha",Bhubaneswar,Odisha,62.09,5.58,58.89,57.55,11.02,38.94,100
IR-E-C-1297,Siddaganga Institute of Technology,Tumkur,Karnataka,59.38,15.43,54.24,49.56,5.55,38.81,101
IR-E-C-36969,Coimbatore Institute of Technology,Coimbatore,Tamil Nadu,63.99,8.47,43.38,50.51,32.73,38.74,102
IR-E-U-0190,Shoolini University of Biotechnology and Management Sciences,Solan,Himachal Pradesh,55.99,22.73,47.47,54.74,0,38.58,103
IR-E-U-0056,Tezpur University,Tezpur,Assam,49.58,34.26,41.5,41.9,7.45,38.39,104
IR-E-U-0460,Karunya Institute of Technology and Sciences,Coimbatore,Tamil Nadu,52.14,26.57,43.78,51.97,8.07,38.38,105
IR-E-U-0267,Atal Bihari Vajpayee Indian Institute of Information Technology and Management,Gwalior,Madhya Pradesh,46.9,17.04,66.48,53.57,4.9,38.33,106
IR-E-U-0130,Dhirubhai Ambani Institute of Information and Communication Technology,Gandhinagar,Gujarat,50.12,11.09,71.67,48.81,6.19,38.2,107
IR-E-U-0099,Guru Gobind Singh Indraprastha University,New Delhi,Delhi,41.3,32.95,47.68,44.66,16.36,37.93,108
IR-E-C-16547,Sri Sairam Engineering College,Kancheepuram,Tamil Nadu,55.56,11.27,58.93,57.83,2.17,37.84,109
IR-E-C-16626,Rajalakshmi Engineering College,Chennai,Tamil Nadu,64.13,4.96,56.15,53.93,3.56,37.71,110
IR-E-U-0043,"Vignan's Foundation for Science, Technology and Research",Guntur,Andhra Pradesh,57.75,15.85,49.23,56.26,1.46,37.7,111
IR-E-U-0445,B. S. Abdur Rahman Crescent Institute of Science and Technology,Chennai,Tamil Nadu,60.38,16.43,47.28,44.6,6.19,37.58,112
IR-E-U-0373,Chitkara University,Rajpura,Punjab,53.58,13.38,52.56,58.11,11.02,37.5,113
IR-E-U-0613,National Institute of Technology Manipur,Imphal,Manipur,61.1,14.77,42.18,58.89,3.56,37.45,114
IR-E-C-43264,National Institute of Foundry and Forge Technology (NIFFT),Ranchi,Jharkhand,67.07,4.72,53.71,45.16,5.55,37.35,115
IR-E-U-0367,Veer Surendra Sai University of Technology,Burla,Odisha,53.46,22.16,46.3,47.1,6.83,37.34,116
IR-E-U-0143,Maharaja Sayajirao University of Baroda,Vadodara,Gujarat,56.48,14.79,52.46,50.11,4.23,37.3,117
IR-E-U-0169,Manav Rachna International Institute of Research & Studies,Faridabad,Haryana,57.82,6.21,58.38,52.21,11.59,37.26,118
IR-E-C-18886,Shri Ramdeobaba College of Engineering and Management,Nagpur,Maharashtra,59.71,7.98,57.72,50.85,2.87,37.22,119
IR-E-U-0382,Punjab Technical University,Kapurthala,Punjab,63.62,32.28,16.04,46.24,5.55,37.15,120
IR-E-I-1441,Saveetha Institute of Medical and Technical Sciences,Chennai,Tamil Nadu,55.8,19.82,39.47,65.05,0,37.09,121
IR-E-I-1015,Vishwakarma Institute of Technology,Pune,Maharashtra,56.71,5.43,63.65,48.32,6.19,36.82,122
IR-E-C-18154,University College of Engingeering,Kakinada,Andhra Pradesh,59.48,4.18,57.92,56.26,4.23,36.72,123
IR-E-C-27058,Mepco Schlenk Engineering College,Sivakasi,Tamil Nadu,49.66,19.34,47.9,46.51,17.35,36.67,124
IR-E-U-0491,"Vels Institute of Science, Technology & Advanced Studies (VISTAS)",Chennai,Tamil Nadu,57.36,21.44,42.16,41.95,3.56,36.63,125
IR-E-U-0507,Dayalbagh Educational Institute,Agra,Uttar Pradesh,61.61,7.63,49.47,53.44,6.19,36.62,126
IR-E-U-0175,YMCA University of Science & Tech (Formerely YMCA Institute of Engineering),Faridabad,Haryana,59.79,6.05,55.73,50.04,6.83,36.59,127
IR-E-C-36975,Government College of Technology,Coimbatore,Tamil Nadu,51.56,9.16,55.01,49.5,23.7,36.54,128
IR-E-U-0186,Jaypee University of Information Technology,Solan,Himachal Pradesh,47.14,21.27,55.23,46.01,3.56,36.53,129
IR-E-C-18817,G. H. Raisoni College of Engineering,Nagpur,Maharashtra,52.49,8.85,60.93,48.69,9.87,36.46,130
IR-E-C-50605,PSG Institute of Technology and Applied Research,Coimbatore,Tamil Nadu,60.8,2.1,55.86,49.86,13.78,36.41,131
IR-E-C-27616,University College of Engineering,Hyderabad,Telangana,59.95,6.78,52.91,50.28,7.45,36.37,132
IR-E-C-25622,Chaitanya Bharathi Institute of Technology,Hyderabad,Telangana,60.36,2.21,56.74,51.57,10.45,36.32,133
IR-E-C-19754,SR University,Warangal,Telangana,62.51,6.49,41.74,62.54,8.07,36.11,134
IR-E-C-19667,Vallurupalli Nageswara Rao Vignana Jyothi Institute of Engineering and Technology,Hyderabad,Telangana,61.89,6.83,50.96,47.63,4.9,36.06,135
IR-E-U-0332,The Rashtrasant Tukadoji Maharaj Nagpur University,Nagpur,Maharashtra,49.65,23.08,48.98,42.64,0.74,35.95,136
IR-E-C-37064,Sri Krishna College of Technology,Coimbatore,Tamil Nadu,54.45,8.12,60.34,47.44,3.56,35.94,137
IR-E-C-1400,NMAM Institute of Technology,"Nitte, Udupi",Karnataka,59.12,9.14,50.79,48.71,4.23,35.93,138
IR-E-C-1345,P E S College of Engineering,Mandya,Karnataka,60.69,1.04,56.57,60.6,0,35.89,139
IR-E-C-42054,Army Institute of Technology,Pune,Maharashtra,53.37,1.08,64.93,58.2,7.45,35.89,139
IR-E-C-1371,New Horizon College of Engineering,Bengaluru,Karnataka,51.75,5.91,64.47,53.23,3.56,35.87,141
IR-E-C-19650,Vardhaman College of Engineering,Rangareddy,Telangana,53.07,8,55.81,48.64,15.35,35.87,141
IR-E-C-33773,Bharatiya Vidya Bhavan`s Sardar Patel Institute of Technology,Mumbai,Maharashtra,48.87,11.24,63.74,46.71,2.17,35.67,143
IR-E-C-6581,Pondicherry Engineering College,Puducherry,Pondicherry,50.19,14.63,56.41,34.53,14.83,35.66,144
IR-E-U-0621,National Institute of Technology Puducherry,Karaikal,Pondicherry,52.36,5.42,53.92,68.57,6.83,35.66,144
IR-E-C-19747,Anurag University,Hyderabad,Telangana,55.78,2.62,52.86,60.28,14.31,35.55,146
IR-E-C-10342,Chandigarh Engineering College,Sahibzada Ajit Singh Nagar,Punjab,60.56,4.7,46.08,66.18,0,35.42,147
IR-E-S-8898,"National Institute of Food Technology, Entrepreneurship & Management",Sonipat,Haryana,52.72,5.62,57.16,63.41,0.74,35.35,148
IR-E-C-18254,Yeshwantrao Chavan College of Engineering,Nagpur,Maharashtra,56.1,7.1,55.05,52.36,0.74,35.28,149
IR-E-U-0938,Dr. Vishwanath Karad MIT World Peace University,Pune,Maharashtra,61.8,6.18,50.16,48.25,0,35.24,150
IR-E-N-10,SVKM`s Narsee Monjee Institute of Management Studies,Mumbai,Maharashtra,56.25,7.13,52.07,55.33,2.17,35.18,151
IR-E-C-1336,BMS Institute of Technology & Management,Bengaluru,Karnataka,49.99,4.88,59.32,54.59,13.24,35.1,152
IR-E-U-0146,Nirma University,Ahmedabad,Gujarat,52.02,13.43,51.68,45.95,4.9,35.07,153
IR-E-U-0604,"Amity University, Gwalior",Gwalior,Madhya Pradesh,57.48,3.71,58.75,46.18,2.87,35.02,154
IR-E-C-19607,CVR College Of Engineering,Ibrahimpatan,Telangana,58.79,3.48,54.75,52.16,1.46,35,155
IR-E-C-8277,"Government Engineering College, Thrissur",Thrissur,Kerala,60.69,3.88,50.29,51.95,2.87,34.91,156
IR-E-U-0223,"Jain University, Bangalore",Bengluru,Karnataka,48.96,18.52,44.87,54.32,0.74,34.72,157
IR-E-U-0592,Maulana Abul Kalam Azad University of Technology,Nadia,West Bengal,46.79,18.71,52.47,42.66,2.87,34.7,158
IR-E-C-19706,Institute of Aeronautical Engineering,Hyderabad,Telangana,50.17,14.51,49.88,49.39,2.87,34.61,159
IR-E-U-0615,National Institute of Technology Arunachal Pradesh,Itanagar,Arunachal Pradesh,59.59,9.94,41.8,51.5,2.17,34.59,160
IR-E-U-0685,Indira Gandhi Delhi Technical University for Women,Delhi,Delhi,43.09,8.82,65.36,54.48,4.23,34.52,161
IR-E-U-0384,Sant Longowal Institute of Engineering & Technology,Longowal,Punjab,58.4,16.31,29.59,57.04,4.9,34.52,161
IR-E-C-30153,"Silicon Institute of Technology (SIT), Bhubaneswar",Bhubaneswar,Odisha,55.5,3.07,54.5,59.17,0.74,34.46,163
IR-E-C-37065,Kongu Engineering College,Perundurai,Tamil Nadu,57.61,8,46.3,43.96,10.45,34.38,164
IR-E-C-19534,Goka Raju Ranga Raju Institute of Engineering & Technology,Hyderabad,Telangana,55.87,5.71,52.63,49.43,4.23,34.36,165
IR-E-U-0443,Annamalai University,Annamalainagar,Tamil Nadu,59.64,25.05,21.64,30.19,14.83,34.23,166
IR-E-U-0535,Rajiv Gandhi Institute of Petroleum Technology,Amethi,Uttar Pradesh,58.91,7.14,49.49,42.47,2.17,34.18,167
IR-E-C-1352,Nitte Meenakshi Institute of Technology,Bengaluru,Karnataka,57.43,4.88,50.31,51.73,2.17,34.14,168
IR-E-C-6192,Institute of Engineering & Management,Kolkata,West Bengal,50.66,9.34,44.8,67.09,4.23,34.09,169
IR-E-C-16614,R.M.K. Engineering College,Thiruvallur,Tamil Nadu,54.45,3.25,55.6,52.39,3.56,34.04,170
IR-E-I-1093,Noida Institute of Engineering & Technology,Greater Noida,Uttar Pradesh,52.45,1.37,57.5,48.67,14.83,33.99,171
IR-E-U-0454,Hindustan Institute of Technology and Science (HITS),Chennai,Tamil Nadu,48.41,17.65,44.02,46.84,6.83,33.98,172
IR-E-C-42227,Dr. D. Y. Patil Institute of Technology,Pune,Maharashtra,53.67,0.46,60.1,51.72,5.55,33.98,172
IR-E-U-0376,Guru Nanak Dev University,Amritsar,Punjab,24.31,32.53,56.36,46.22,10.45,33.98,172
IR-E-C-37089,Sri Ramakrishna Engineering College,Coimbatore,Tamil Nadu,54.46,6.83,50.09,45.1,10.45,33.96,175
IR-E-C-46111,KIET Group of Institutions,Ghaziabad,Uttar Pradesh,57.83,4.54,53.35,44.67,0,33.85,176
IR-E-U-0643,Galgotias University,Gautam Budh Nagar,Uttar Pradesh,54.08,8.46,49.47,49.18,2.17,33.79,177
IR-E-C-18010,Velagapudi Ramakrishna Siddhartha Engineering College,Vijayawada,Andhra Pradesh,54.41,8.15,46.79,52.53,3.56,33.73,178
IR-E-U-0541,Sharda University,Greater Noida,Uttar Pradesh,52.08,10.44,41.15,54.55,12.15,33.64,179
IR-E-U-0854,KLE Technological University,Dharwad,Karnataka,54.63,6.75,50.42,48.01,2.87,33.58,180
IR-E-C-36143,Shri G. S. Institute of Technology & Science,Indore,Madhya Pradesh,52.93,3.8,55.1,48.3,6.19,33.49,181
IR-E-U-0046,North Eastern Regional Institute of Science & Technology,Itanagar,Arunachal Pradesh,60.11,11.98,34.94,43.51,4.23,33.38,182
IR-E-C-16537,St. Josephs College of Engineering,Kancheepuram,Tamil Nadu,51.5,10.67,50.71,45.66,0,33.36,183
IR-E-C-36022,Lakshmi Narain College of Technology,Bhopal,Madhya Pradesh,51.79,1.86,57.61,55.45,0.74,33.23,184
IR-E-U-0353,Centurion  University  of Technology and Management,Paralakhemundi,Odisha,52.52,3.79,54.32,53.05,0.74,33.14,185
IR-E-I-1356,Rabindranath Tagore University,Raisen,Madhya Pradesh,56.04,1.76,47.95,61.42,0,33.07,186
IR-E-U-0616,National Institute of Technology Uttarakhand,Srinagar (Garhwal),Uttarakhand,57.07,12.26,42.75,35.71,1.46,33.07,186
IR-E-C-1412,JSS Science and Technology University,Mysuru,Karnataka,50.71,4.3,53.39,49.93,8.68,33.04,188
IR-E-C-16560,Easwari Engineering College,Chennai,Tamil Nadu,51.44,2.41,56.66,48.49,4.23,32.75,189
IR-E-I-1033,International Institute of Information Technology Bhubaneswar,Bhubaneswar,Odisha,42.3,12.58,54.47,49.64,4.23,32.73,190
IR-E-C-27089,National Engineering College,Kovilpatti,Tamil Nadu,56.42,5.8,45.79,46.72,1.46,32.64,191
IR-E-C-37028,Sona College of Technology,Salem,Tamil Nadu,53.68,4.16,49.5,48.67,4.9,32.61,192
IR-E-C-1406,C M R Institute of Technology,Bengaluru,Karnataka,55.56,4.14,46.07,52.22,2.17,32.56,193
IR-E-C-46239,G.L.Bajaj Institute of Technology and Management,Greater Noida,Uttar Pradesh,57.13,3.72,47.78,47.32,0,32.55,194
IR-E-U-0774,DIT University,Dehradun,Uttarakhand,50.14,7.09,48.53,55.03,1.46,32.53,195
IR-E-C-1438,The National Institute of Engineering,Mysore,Karnataka,53.79,2.33,51.03,50.48,4.23,32.52,196
IR-E-C-33584,K. J. Somaiya College of Engineering,Mumbai,Maharashtra,52.22,3.33,58.94,38.08,2.17,32.48,197
IR-E-C-27400,Kakatiya Institute of Technology & Science,Warangal,Telangana,55.8,1.64,49.13,49.25,4.9,32.48,197
IR-E-C-11015,Walchand College of Engineering,Sangli,Maharashtra,48.25,4.54,56.11,47.93,6.19,32.46,199
IR-E-U-0037,Sri Venkateswara University,Tirupati,Andhra Pradesh,41.76,25.59,37.58,43.31,3.56,32.42,200
